Metric,t-statistic,p-value,Significant at 0.05?
ROC AUC,-3.2570672246377876,0.0023107616128719,True
Accuracy,-2.5375261895116816,0.01733184001500601,True
Precision,-1.2683195203284436,0.21283457162999395,False
Recall,1.337793131866043,0.18852658579101128,False
F1 Score,-0.11293722501907809,0.9106907172952561,False
MCC,-0.5802754642229667,0.5651724229942934,False
